"owner","text","created_at","id","post_id"
"{""username"":""environnementcan"",""profile_pic_url"":""https://instagram.fyvr3-1.fna.fbcdn.net/t51.2885-19/s150x150/25016584_1248753311891192_7797948622686912512_n.jpg"",""id"":""3913646610""}","#FraserValley #Conservation #BirdNerd #Oiseaux #JeudiR√©tro #RetourEnArri√®re #√ât√© #Faune #Flore #Journ√©eDeLaPersonne #SansFiltre #TBT",1476795585,"17864465851004644","2016-10-18_05-58-54"
"{""username"":""environnementcan"",""profile_pic_url"":""https://instagram.fyvr3-1.fna.fbcdn.net/t51.2885-19/s150x150/25016584_1248753311891192_7797948622686912512_n.jpg"",""id"":""3913646610""}","#M√©t√©o #StationM√©t√©o #WeatherNerd #Vancouver #M√©t√©orologie #PhotosM√©t√©o #InstaM√©t√©o #GardeC√¥ti√®reCanadienne #MercrediM√©t√©o #NoFilter\n\n#SansFiltre",1476878933,"17843385229169513","2016-10-19_05-07-33"
"{""username"":""environnementcan"",""profile_pic_url"":""https://instagram.fyvr3-1.fna.fbcdn.net/t51.2885-19/s150x150/25016584_1248753311891192_7797948622686912512_n.jpg"",""id"":""3913646610""}","#Oiseaux #Mer #Ocean #Conservation #InstaBirds #Puffin #Puffins #Macareux #Atlantique #Maritimes #PhotoOfTheDay",1476976886,"17853313918091945","2016-10-20_07-19-42"
"{""username"":""environnementcan"",""profile_pic_url"":""https://instagram.fyvr3-1.fna.fbcdn.net/t51.2885-19/s150x150/25016584_1248753311891192_7797948622686912512_n.jpg"",""id"":""3913646610""}","#Conservation #Grasslands #BC #BeautifulBC #ExploreBC #Kamloops #Nature #Ornithologie #Explorer #Vendredi #MiniVan #Aventures #NoFilter",1477063659,"17843471356144975","2016-10-21_08-26-00"
"{""username"":""environnementcan"",""profile_pic_url"":""https://instagram.fyvr3-1.fna.fbcdn.net/t51.2885-19/s150x150/25016584_1248753311891192_7797948622686912512_n.jpg"",""id"":""3913646610""}","#MondaysGotMeLike #MondayGotMeLike #MondayMotivation #MondayFeeling #IsItFridayYet #Owl #Owls #InstaOwls  #InstaBirds #OwlsOfInstagram #PhotoOfTheDay #Reconyx #Wildlife",1477318073,"17864519101062232","2016-10-24_07-07-04"
"{""username"":""environnementcan"",""profile_pic_url"":""https://instagram.fyvr3-1.fna.fbcdn.net/t51.2885-19/s150x150/25016584_1248753311891192_7797948622686912512_n.jpg"",""id"":""3913646610""}","#Hibou #Hiboux #Oiseaux #Faune #Lundi #LundiMatin #Reconyx #Canada",1477318056,"17864593648053830","2016-10-24_07-07-04"
"{""username"":""travelstylenews"",""profile_pic_url"":""https://instagram.fyvr3-1.fna.fbcdn.net/t51.2885-19/s150x150/18382651_1376516069095659_3288503141099634688_n.jpg"",""id"":""3838814206""}","Great :)",1477452127,"17843623657168321","2016-10-25_08-02-00"
"{""username"":""environnementcan"",""profile_pic_url"":""https://instagram.fyvr3-1.fna.fbcdn.net/t51.2885-19/s150x150/25016584_1248753311891192_7797948622686912512_n.jpg"",""id"":""3913646610""}","#Gr√¢ce√ÄElle #Oiseaux #Faune #Biologistes #MoisDeLaFemme #R√©tro #TBT #MardiR√©tro #Femmes #√âgalit√© #F√©minisme #Arctique #GirlPower #BirdYear #NoFilter",1477407760,"17855678296072865","2016-10-25_08-02-00"
"{""username"":""thegreatjoceline"",""profile_pic_url"":""https://instagram.fyvr3-1.fna.fbcdn.net/t51.2885-19/s150x150/14134621_1589686114668080_820281783_a.jpg"",""id"":""3684009738""}","Instructifs!",1477514772,"17865039403050565","2016-10-26_07-29-26"
"{""username"":""environnementcan"",""profile_pic_url"":""https://instagram.fyvr3-1.fna.fbcdn.net/t51.2885-19/s150x150/25016584_1248753311891192_7797948622686912512_n.jpg"",""id"":""3913646610""}","#MercrediFaune #Faune #Nature #ExploreBC #BC #Canada #Oiseaux #Ornithologie #FraserRiver #Heron #Aventures #Biologie",1477492248,"17864042338045427","2016-10-26_07-29-26"
"{""username"":""environnementcan"",""profile_pic_url"":""https://instagram.fyvr3-1.fna.fbcdn.net/t51.2885-19/s150x150/25016584_1248753311891192_7797948622686912512_n.jpg"",""id"":""3913646610""}","#JeudiR√©tro #M√©t√©o #Hiver #Neige #PhotoDuJour #Sansfiltre #NoFilter #ExploreBC #BC #Vancouver #Whistler",1477579975,"17854426384113168","2016-10-27_07-52-28"
"{""username"":""environnementcan"",""profile_pic_url"":""https://instagram.fyvr3-1.fna.fbcdn.net/t51.2885-19/s150x150/25016584_1248753311891192_7797948622686912512_n.jpg"",""id"":""3913646610""}","#Phare #Vancouver #ExploreBC #H√©licopt√®re #OuestCanadien #Pacifique #Oc√©an #PhotoDuJour",1477666598,"17864297017017671","2016-10-28_07-56-15"
"{""username"":""environnementcan"",""profile_pic_url"":""https://instagram.fyvr3-1.fna.fbcdn.net/t51.2885-19/s150x150/25016584_1248753311891192_7797948622686912512_n.jpg"",""id"":""3913646610""}","#Halloween #Hibou #Hiboux #Oiseau #Oiseaux #Reconyx #Faune  #Canada #CanEnvironnement #Enviroween",1477921765,"17856708577079578","2016-10-31_06-48-21"
"{""username"":""environnementcan"",""profile_pic_url"":""https://instagram.fyvr3-1.fna.fbcdn.net/t51.2885-19/s150x150/25016584_1248753311891192_7797948622686912512_n.jpg"",""id"":""3913646610""}","#Biologie #Migration #Science #Faune #Oiseaux #Oiseau #NouveauBrunswick #NB #Atlantique  #BirdNerds #EnvironnementCan",1478018824,"17853826348080281","2016-11-01_09-46-19"
"{""username"":""environnementcan"",""profile_pic_url"":""https://instagram.fyvr3-1.fna.fbcdn.net/t51.2885-19/s150x150/25016584_1248753311891192_7797948622686912512_n.jpg"",""id"":""3913646610""}","#MilieuHumide #MilieuxHumides #TerreHumide #TerresHumides #CanEnvironment #AireProt√©g√©e #Alberta #Cl√¥ture #Faune #Biologistes",1478096284,"17854480498123379","2016-11-02_07-17-06"
"{""username"":""environnementcan"",""profile_pic_url"":""https://instagram.fyvr3-1.fna.fbcdn.net/t51.2885-19/s150x150/25016584_1248753311891192_7797948622686912512_n.jpg"",""id"":""3913646610""}","#EauDouce #Science #Scientifiques #Insectes #NouvelleEcosse #Automne #EnvironnementCan",1478189063,"17843925370180297","2016-11-03_09-03-36"
"{""username"":""environnementcan"",""profile_pic_url"":""https://instagram.fyvr3-1.fna.fbcdn.net/t51.2885-19/s150x150/25016584_1248753311891192_7797948622686912512_n.jpg"",""id"":""3913646610""}","#HamOnt #Eau #GrandsLacs #Ontario #RandleReef #Poisson #Tourisme #Vendredi #Ontario",1478263704,"17843951044169391","2016-11-04_05-47-44"
"{""username"":""environnementcan"",""profile_pic_url"":""https://instagram.fyvr3-1.fna.fbcdn.net/t51.2885-19/s150x150/25016584_1248753311891192_7797948622686912512_n.jpg"",""id"":""3913646610""}","#Caribou #Toundra #Ontario #Faune #AnimauxSauvages #Animaux #Photo #EnvironnementCan #Lundi",1478533387,"17865782581001587","2016-11-07_07-42-47"
"{""username"":""environnementcan"",""profile_pic_url"":""https://instagram.fyvr3-1.fna.fbcdn.net/t51.2885-19/s150x150/25016584_1248753311891192_7797948622686912512_n.jpg"",""id"":""3913646610""}","#Feux #Feu #Pompiers #Prairies #Faune #Saskatchewan #Biologistes #MardiR√©tro #AireProt√©g√©e #R√©serveFaunique",1478618186,"17865151648004974","2016-11-08_07-15-49"
"{""username"":""environnementcan"",""profile_pic_url"":""https://instagram.fyvr3-1.fna.fbcdn.net/t51.2885-19/s150x150/25016584_1248753311891192_7797948622686912512_n.jpg"",""id"":""3913646610""}","#Journ√©eDeLaScience #Science #Scientifique #Eau #EauDouce #EauPropre #Bateau #Laboratoire #EnvironnementCan #GrandsLacs",1478799360,"17864814628061124","2016-11-10_09-34-27"
"{""username"":""thekjglobe"",""profile_pic_url"":""https://instagram.fyvr3-1.fna.fbcdn.net/t51.2885-19/11271050_1565083593756634_129365333_a.jpg"",""id"":""11257375""}","I'm traveling the world!! Witch country do you suggest me going to?!! Looking forward!! üòÅ üòÅ",1479578397,"17844490237167956","2016-11-10_11-06-40"
"{""username"":""environnementcan"",""profile_pic_url"":""https://instagram.fyvr3-1.fna.fbcdn.net/t51.2885-19/s150x150/25016584_1248753311891192_7797948622686912512_n.jpg"",""id"":""3913646610""}","#ActionClimatJeunesse #ActionClimat #ActionClimatCAN #ActionPourLeClimat #SolutionClimat #Canada #JeunesCan  #JeunesCanadiens #EnvironnementCAN",1479582210,"17844497203149101","2016-11-19_11-03-05"
"{""username"":""environnementcan"",""profile_pic_url"":""https://instagram.fyvr3-1.fna.fbcdn.net/t51.2885-19/s150x150/25016584_1248753311891192_7797948622686912512_n.jpg"",""id"":""3913646610""}","#ChangementClimatique #Jeunes #Jeunesse #ActionClimat #Climat #Environnement #Canada #JeunesCanadiens",1479762352,"17866494928044249","2016-11-21_13-03-43"
"{""username"":""summerbelliveau"",""profile_pic_url"":""https://instagram.fyvr3-1.fna.fbcdn.net/t51.2885-19/s150x150/26152093_543101172717738_4020178170324975616_n.jpg"",""id"":""857715574""}","What makes Canada so special according to pollution why does our country make such a big impact on the other countries?",1479916218,"17855773621109104","2016-11-23_07-40-27"
"{""username"":""thegreatjoceline"",""profile_pic_url"":""https://instagram.fyvr3-1.fna.fbcdn.net/t51.2885-19/s150x150/14134621_1589686114668080_820281783_a.jpg"",""id"":""3684009738""}","Cutr",1480737609,"17845026019158278","2016-11-30_06-26-45"
"{""username"":""environnementcan"",""profile_pic_url"":""https://instagram.fyvr3-1.fna.fbcdn.net/t51.2885-19/s150x150/25016584_1248753311891192_7797948622686912512_n.jpg"",""id"":""3913646610""}","#Mercredi #Hibou #Hiboux #Oiseaux #Oiseau #Faune #Ornithologie",1480516035,"17867073754035915","2016-11-30_06-26-45"
"{""username"":""myrvezy"",""profile_pic_url"":""https://instagram.fyvr3-1.fna.fbcdn.net/t51.2885-19/s150x150/13744275_1744066059212634_320013516_a.jpg"",""id"":""3483840575""}","This is awesome",1480718108,"17844979846148064","2016-12-02_08-26-00"
"{""username"":""environnementcan"",""profile_pic_url"":""https://instagram.fyvr3-1.fna.fbcdn.net/t51.2885-19/s150x150/25016584_1248753311891192_7797948622686912512_n.jpg"",""id"":""3913646610""}","#ScienceArctique #EnvironnementCan #EnvironnementCanada #Toundra #Arctique #Science #Biologie #Faune",1480696073,"17856348841117738","2016-12-02_08-26-00"
"{""username"":""environnementcan"",""profile_pic_url"":""https://instagram.fyvr3-1.fna.fbcdn.net/t51.2885-19/s150x150/25016584_1248753311891192_7797948622686912512_n.jpg"",""id"":""3913646610""}","#Cop13 #EnvironnementCan #EnvironnementCanada #Oc√©anPacifique #OiseauxMarins #Ornithologie #Canada150",1480976443,"17866625944030450","2016-12-05_14-19-17"
"{""username"":""ihabmokayed"",""profile_pic_url"":""https://instagram.fyvr3-1.fna.fbcdn.net/t51.2885-19/s150x150/26181279_174151140007048_6370159604956921856_n.jpg"",""id"":""293328761""}","@environnementcan ah thank you, why not follow both, depuis je parle les deux langues! üëäüèΩ",1481905339,"17857034419106861","2016-12-15_09-42-20"
"{""username"":""environnementcan"",""profile_pic_url"":""https://instagram.fyvr3-1.fna.fbcdn.net/t51.2885-19/s150x150/25016584_1248753311891192_7797948622686912512_n.jpg"",""id"":""3913646610""}","@ihabmokayed yes it is! FYI if you prefer you can follow our English account @canenvironment üôÉ",1481905011,"17868789373061323","2016-12-15_09-42-20"
"{""username"":""ihabmokayed"",""profile_pic_url"":""https://instagram.fyvr3-1.fna.fbcdn.net/t51.2885-19/s150x150/26181279_174151140007048_6370159604956921856_n.jpg"",""id"":""293328761""}","That's quite cool!",1481833315,"17872286821007382","2016-12-15_09-42-20"
"{""username"":""arcticrangeadvt"",""profile_pic_url"":""https://instagram.fyvr3-1.fna.fbcdn.net/t51.2885-19/s150x150/11850420_141054042908966_1422400190_a.jpg"",""id"":""2203840401""}","Wow! We like this pic!!",1482675352,"17859228553076763","2016-12-22_07-24-10"
"{""username"":""scienceborealis"",""profile_pic_url"":""https://instagram.fyvr3-1.fna.fbcdn.net/t51.2885-19/14449287_314447988931019_8130849381726289920_a.jpg"",""id"":""4007154200""}","Posting some great photos of your northern research.",1483042573,"17846180017174932","2016-12-29_05-44-19"
"{""username"":""fvennessacecce"",""profile_pic_url"":""https://instagram.fyvr3-1.fna.fbcdn.net/t51.2885-19/s150x150/20902565_1915169038734867_682059609971621888_a.jpg"",""id"":""1556658735""}","Bien h√¢te de le voir revenir",1483716073,"17868922885049197","2017-01-06_06-48-35"
"{""username"":""environnementcan"",""profile_pic_url"":""https://instagram.fyvr3-1.fna.fbcdn.net/t51.2885-19/s150x150/25016584_1248753311891192_7797948622686912512_n.jpg"",""id"":""3913646610""}","#EnvironnementCan #EnvironnementCanada",1483714208,"17848418119130868","2017-01-06_06-48-35"
"{""username"":""environnementcan"",""profile_pic_url"":""https://instagram.fyvr3-1.fna.fbcdn.net/t51.2885-19/s150x150/25016584_1248753311891192_7797948622686912512_n.jpg"",""id"":""3913646610""}","@thegreatjoceline beaucoup de chemin en effet!!",1484320616,"17847022552173356","2017-01-12_12-28-09"
"{""username"":""thegreatjoceline"",""profile_pic_url"":""https://instagram.fyvr3-1.fna.fbcdn.net/t51.2885-19/s150x150/14134621_1589686114668080_820281783_a.jpg"",""id"":""3684009738""}","On en a fait du chemin?",1484270165,"17869179409051364","2017-01-12_12-28-09"
"{""username"":""dannyslapbass"",""profile_pic_url"":""https://instagram.fyvr3-1.fna.fbcdn.net/t51.2885-19/s150x150/19051051_460898334262363_7030596292271144960_a.jpg"",""id"":""1788974774""}","@environnementcan bien sur!!",1484755482,"17847242854157169","2017-01-18_06-46-45"
"{""username"":""environnementcan"",""profile_pic_url"":""https://instagram.fyvr3-1.fna.fbcdn.net/t51.2885-19/s150x150/25016584_1248753311891192_7797948622686912512_n.jpg"",""id"":""3913646610""}","Il est tellement mignon üêªüòç",1484754531,"17861404498113017","2017-01-18_06-46-45"
"{""username"":""dannyslapbass"",""profile_pic_url"":""https://instagram.fyvr3-1.fna.fbcdn.net/t51.2885-19/s150x150/19051051_460898334262363_7030596292271144960_a.jpg"",""id"":""1788974774""}","Nice!!!",1484752375,"17857672921080771","2017-01-18_06-46-45"
"{""username"":""jericka88"",""profile_pic_url"":""https://instagram.fyvr3-1.fna.fbcdn.net/t51.2885-19/s150x150/26222394_2072301653006353_4941605056551059456_n.jpg"",""id"":""32927813""}","Wow! Quelle magnifique et √©trange esp√®ce. üò®üòç",1485484023,"17847811387160878","2017-01-26_10-32-16"
"{""username"":""dannyslapbass"",""profile_pic_url"":""https://instagram.fyvr3-1.fna.fbcdn.net/t51.2885-19/s150x150/19051051_460898334262363_7030596292271144960_a.jpg"",""id"":""1788974774""}","üòçüòç",1485802396,"17850679675136332","2017-01-30_08-01-35"
"{""username"":""lysianecf"",""profile_pic_url"":""https://instagram.fyvr3-1.fna.fbcdn.net/t51.2885-19/s150x150/14701060_548137552050987_6368943454902288384_a.jpg"",""id"":""1396603340""}","üëèüëèüëè",1486822431,"17871873679043638","2017-02-11_05-20-35"
"{""username"":""darthbulshiter"",""profile_pic_url"":""https://instagram.fyvr3-1.fna.fbcdn.net/t51.2885-19/s150x150/20065512_468453020196230_3066610991555936256_a.jpg"",""id"":""375123003""}","@juliensc91",1487459733,"17849512366171349","2017-02-17_07-57-53"
"{""username"":""environnementcan"",""profile_pic_url"":""https://instagram.fyvr3-1.fna.fbcdn.net/t51.2885-19/s150x150/25016584_1248753311891192_7797948622686912512_n.jpg"",""id"":""3913646610""}","La Colombie-Britannique prot√®ge 14% de ses terres! üôåüèΩ",1487801759,"17873105620036918","2017-02-20_07-04-12"
"{""username"":""yeg_blog"",""profile_pic_url"":""https://instagram.fyvr3-1.fna.fbcdn.net/t51.2885-19/s150x150/21984625_1583211938384486_3389032485659607040_n.jpg"",""id"":""3128282779""}","üëç",1487611050,"17873673289026660","2017-02-20_07-04-12"
"{""username"":""jehanne1412"",""profile_pic_url"":""https://instagram.fyvr3-1.fna.fbcdn.net/t51.2885-19/11311511_1405953476088274_1202061123_a.jpg"",""id"":""438491508""}","Magnifique ‚ù§ Oui le tintamarre ce sont des bruits, souvent accompagn√© d'agitation comme dans une f√™te foraine, un bal, des enfants qui jouent ...üéâüéâ",1509209366,"17880098590147424","2017-02-21_06-30-04"
"{""username"":""sunny.zhai"",""profile_pic_url"":""https://instagram.fyvr3-1.fna.fbcdn.net/t51.2885-19/s150x150/22638789_295382287643841_7987765423888138240_n.jpg"",""id"":""3310076966""}","Aww nice",1488080089,"17862414547117353","2017-02-21_09-46-34"
"{""username"":""sherrylavgine1997"",""profile_pic_url"":""https://instagram.fyvr3-1.fna.fbcdn.net/t51.2885-19/s150x150/13385651_1027990353937141_1287862251_a.jpg"",""id"":""1129099641""}","Super nice :)",1487703919,"17867017189071148","2017-02-21_09-46-34"
"{""username"":""clodie26"",""profile_pic_url"":""https://instagram.fyvr3-1.fna.fbcdn.net/t51.2885-19/s150x150/23164175_1541297632625324_4640385745813504000_n.jpg"",""id"":""17586324""}","@proulxkath one day.. üòä",1488293464,"17851146037150996","2017-02-28_06-26-11"
"{""username"":""proulxkath"",""profile_pic_url"":""https://instagram.fyvr3-1.fna.fbcdn.net/t51.2885-19/s150x150/21480381_1948321642051301_6645164509788897280_a.jpg"",""id"":""292123065""}","@clodie26 üòçüòçüòç",1488293292,"17850564007153492","2017-02-28_06-26-11"
"{""username"":""thegreatjoceline"",""profile_pic_url"":""https://instagram.fyvr3-1.fna.fbcdn.net/t51.2885-19/s150x150/14134621_1589686114668080_820281783_a.jpg"",""id"":""3684009738""}","Magnifique #environnementcanada",1489750604,"17861929738091003","2017-03-13_08-47-21"
"{""username"":""teamvane"",""profile_pic_url"":""https://instagram.fyvr3-1.fna.fbcdn.net/t51.2885-19/s150x150/26158459_2016385815243098_4452752046424064000_n.jpg"",""id"":""3138992113""}","üòÑ",1493069557,"17878436617024845","2017-04-12_13-41-01"
"{""username"":""carobf15"",""profile_pic_url"":""https://instagram.fyvr3-1.fna.fbcdn.net/t51.2885-19/s150x150/19985087_153541468540042_6158758458494550016_a.jpg"",""id"":""455344015""}","Hubert",1492044568,"17855938423141223","2017-04-12_13-41-01"
"{""username"":""valquirit_"",""profile_pic_url"":""https://instagram.fyvr3-1.fna.fbcdn.net/t51.2885-19/s150x150/26071433_165800677482499_563742082829647872_n.jpg"",""id"":""28590017""}","Loona!!!",1492035712,"17864305018091705","2017-04-12_13-41-01"
"{""username"":""environnementcan"",""profile_pic_url"":""https://instagram.fyvr3-1.fna.fbcdn.net/t51.2885-19/s150x150/25016584_1248753311891192_7797948622686912512_n.jpg"",""id"":""3913646610""}","@parcs.canada @savoir.polaire @ressourcesnaturellescanada",1492029826,"17876947702003358","2017-04-12_13-41-01"
"{""username"":""environnementcan"",""profile_pic_url"":""https://instagram.fyvr3-1.fna.fbcdn.net/t51.2885-19/s150x150/25016584_1248753311891192_7797948622686912512_n.jpg"",""id"":""3913646610""}","@jpcoho merci! On est tr√®s fiers d'eux! üòä",1492528487,"17853761656171034","2017-04-13_09-38-52"
"{""username"":""jpcoho"",""profile_pic_url"":""https://instagram.fyvr3-1.fna.fbcdn.net/t51.2885-19/s150x150/12912754_976486379100667_307663178_a.jpg"",""id"":""2029664407""}","Awesome stuff!! Fantastique votre travail",1492139740,"17882782624004952","2017-04-13_09-38-52"
"{""username"":""environnementcan"",""profile_pic_url"":""https://instagram.fyvr3-1.fna.fbcdn.net/t51.2885-19/s150x150/25016584_1248753311891192_7797948622686912512_n.jpg"",""id"":""3913646610""}","#EnvironnementCanada #ScienceArctique #Scientifiques #Glace #GlacedeMer #Arctique #TravailDeTerrain #Nunavut",1492101718,"17865450037121327","2017-04-13_09-38-52"
"{""username"":""environnementcan"",""profile_pic_url"":""https://instagram.fyvr3-1.fna.fbcdn.net/t51.2885-19/s150x150/25016584_1248753311891192_7797948622686912512_n.jpg"",""id"":""3913646610""}","@julianmoratomarin laisse-nous demander √† nos experts s'il y a une de nos pages web √† laquelle on peut te r√©f√©rer (un rapport ou autre) on te revient rapidement!",1493398309,"17855862313146366","2017-04-26_13-15-46"
"{""username"":""onetreejill"",""profile_pic_url"":""https://instagram.fyvr3-1.fna.fbcdn.net/t51.2885-19/s150x150/21689502_1721917461445939_3340338581704015872_n.jpg"",""id"":""2353648790""}","#FORPHOQUESSAKE",1493264085,"17884626262035100","2017-04-26_13-15-46"
"{""username"":""onetreejill"",""profile_pic_url"":""https://instagram.fyvr3-1.fna.fbcdn.net/t51.2885-19/s150x150/21689502_1721917461445939_3340338581704015872_n.jpg"",""id"":""2353648790""}","Si vous avez un coeur, vous √©pargneriez les phoques, mais ce n'est pas mon affaire ü§∑üèª",1493264081,"17879556184021202","2017-04-26_13-15-46"
"{""username"":""julianmoratomarin"",""profile_pic_url"":""https://instagram.fyvr3-1.fna.fbcdn.net/t51.2885-19/s150x150/17493932_208827186269836_758088755973193728_a.jpg"",""id"":""3256077527""}","Bonjour g√©nial quel belle exp√©rience. Cela sera ""chouette""de savoir la suite. Des observations et l'impact du r√©chauffement climatique dans cet secteur.",1493252586,"17855379703154527","2017-04-26_13-15-46"
"{""username"":""lamaisonprivee"",""profile_pic_url"":""https://instagram.fyvr3-1.fna.fbcdn.net/t51.2885-19/s150x150/16465293_267357130365609_4320736554315153408_a.jpg"",""id"":""825433215""}","nice",1493825454,"17857910917142388","2017-04-28_10-25-57"
"{""username"":""onetreejill"",""profile_pic_url"":""https://instagram.fyvr3-1.fna.fbcdn.net/t51.2885-19/s150x150/21689502_1721917461445939_3340338581704015872_n.jpg"",""id"":""2353648790""}","#FORPHOQUESSAKE",1493426579,"17879626996034548","2017-04-28_10-25-57"
"{""username"":""environnementcan"",""profile_pic_url"":""https://instagram.fyvr3-1.fna.fbcdn.net/t51.2885-19/s150x150/25016584_1248753311891192_7797948622686912512_n.jpg"",""id"":""3913646610""}","@deuxevades oh que oui!",1495736897,"17857083310183574","2017-05-15_08-44-16"
"{""username"":""deuxevades"",""profile_pic_url"":""https://instagram.fyvr3-1.fna.fbcdn.net/t51.2885-19/s150x150/20905175_155481628363098_5172971590417121280_a.jpg"",""id"":""4240552929""}","Un super mus√©e!",1495511872,"17856646195182847","2017-05-15_08-44-16"
"{""username"":""lovecanada0999"",""profile_pic_url"":""https://instagram.fyvr3-1.fna.fbcdn.net/t51.2885-19/s150x150/17932476_1804093519918183_4783257768490434560_n.jpg"",""id"":""4162484060""}","Like it!",1496431130,"17882801755030819","2017-05-31_13-26-12"
"{""username"":""environnementcan"",""profile_pic_url"":""https://instagram.fyvr3-1.fna.fbcdn.net/t51.2885-19/s150x150/25016584_1248753311891192_7797948622686912512_n.jpg"",""id"":""3913646610""}","Hello @eduardodomngo you can follow our English account @canenvironment for EN updates üòä",1498596666,"17874062656099941","2017-06-22_08-05-11"
"{""username"":""eduardodomngo"",""profile_pic_url"":""https://instagram.fyvr3-1.fna.fbcdn.net/t51.2885-19/s150x150/19050210_1097645040336358_4756126520211144704_a.jpg"",""id"":""5580357196""}","I'm looking forward to hear for more good news from ECCC.",1498328755,"17878493497069953","2017-06-22_08-05-11"
"{""username"":""eduardodomngo"",""profile_pic_url"":""https://instagram.fyvr3-1.fna.fbcdn.net/t51.2885-19/s150x150/19050210_1097645040336358_4756126520211144704_a.jpg"",""id"":""5580357196""}","Good Day!! I like to know more about the achievements of ECCC.Could you please put an option to translate it on English language.Kind regards and God Bless!!",1498328581,"17863018201136503","2017-06-22_08-05-11"
"{""username"":""divestravels"",""profile_pic_url"":""https://instagram.fyvr3-1.fna.fbcdn.net/t51.2885-19/s150x150/25022681_942341975928347_1296881824751943680_n.jpg"",""id"":""246243251""}","Like it!",1499479823,"17875563880113572","2017-06-29_10-02-26"
"{""username"":""jelleu"",""profile_pic_url"":""https://instagram.fyvr3-1.fna.fbcdn.net/t51.2885-19/s150x150/14135097_681016765400060_826889632_a.jpg"",""id"":""13605726""}","Great picture! Good job, LIKE! Have you seen my insect picture from today?",1500409895,"17877584449105038","2017-07-18_13-30-12"
"{""username"":""industriediscount"",""profile_pic_url"":""https://instagram.fyvr3-1.fna.fbcdn.net/t51.2885-19/s150x150/23279876_156297778308882_4727621118620336128_n.jpg"",""id"":""426258257""}","ECCC classe üòçüèÑüê∂üòò",1505269643,"17885128498127715","2017-09-11_11-18-37"
"{""username"":""aaronrphotography"",""profile_pic_url"":""https://instagram.fyvr3-1.fna.fbcdn.net/t51.2885-19/s150x150/13636119_297879243894402_842509726_a.jpg"",""id"":""3032374484""}","keep it up!¬†‚úå !!",1507428165,"17902567459009692","2017-09-19_13-29-02"
"{""username"":""easterncities"",""profile_pic_url"":""https://instagram.fyvr3-1.fna.fbcdn.net/t51.2885-19/s150x150/25013387_2287900527921379_5110734722569338880_n.jpg"",""id"":""8519101""}","#sundog #fauxsoleil",1513198641,"17895725158085538","2017-12-13_12-22-25"
"{""username"":""xplainable"",""profile_pic_url"":""https://instagram.fyvr3-1.fna.fbcdn.net/t51.2885-19/s150x150/21911022_1954240818184478_8652217802544906240_n.jpg"",""id"":""6098255952""}","cool page!",1513336414,"17913004921050711","2017-12-14_11-04-58"
"{""username"":""xplainable"",""profile_pic_url"":""https://instagram.fyvr3-1.fna.fbcdn.net/t51.2885-19/s150x150/21911022_1954240818184478_8652217802544906240_n.jpg"",""id"":""6098255952""}","I like what I see!",1513307667,"17900185000109020","2017-12-14_11-04-58"
"{""username"":""_tranquilo_tranquilo_"",""profile_pic_url"":""https://instagram.fyvr3-1.fna.fbcdn.net/t51.2885-19/s150x150/21980789_1201783186589931_8412765614787002368_n.jpg"",""id"":""4260731255""}","Hola üòâ J‚Äôaime bien ta page",1514039000,"17915184826000450","2017-12-22_07-12-45"
"{""username"":""xplainable"",""profile_pic_url"":""https://instagram.fyvr3-1.fna.fbcdn.net/t51.2885-19/s150x150/21911022_1954240818184478_8652217802544906240_n.jpg"",""id"":""6098255952""}","love it :)!",1514626666,"17842783597224558","2017-12-29_07-32-01"
"{""username"":""thewildfolks"",""profile_pic_url"":""https://instagram.fyvr3-1.fna.fbcdn.net/t51.2885-19/s150x150/16907059_1217165085046789_8463737062590251008_a.jpg"",""id"":""4689724407""}","Italian lifestyle brand with a mission: save Wildlife and Marine life",1516205590,"17892866926148949","2018-01-16_13-03-20"
"{""username"":""teri_11_11"",""profile_pic_url"":""https://instagram.fyvr3-1.fna.fbcdn.net/t51.2885-19/s150x150/18160304_215754122244815_2039886178840215552_a.jpg"",""id"":""5053876959""}","üëèüèºüëèüèº‚ù§Ô∏èüëçüèª",1516155861,"17920752106023194","2018-01-16_13-03-20"