Social,Economical,Environmental
famille,énergie,agriculture
familles,secteur,les émissions de gaz à effet de serre
ami,importations,gaz à effet de serre
copain,import,conservation
copine,imports,environnement
épouse,industrie,durable
époux,commerce électronique,soutenable
enfants,tendances des marchés,changement climatique
changement,croissance,recyclage
communauté,mondiale,gaz
culture,mondial,musée canadien de la nature
femmes,écosystème,oiseaux
futur,mondialisation,oiseau
égalité,finance,recycler
diversité,ministre,recycle
biodiversité,partenariat,côtes
opinion publique,politique,durabilité
intérêt public,empreinte,air
salubrité de l’eau potable,innovation,cyclisme
alimentation durable,novatrice,compostage
naturepourtous,invest,compost
collectivité,entreprisesalimentaires,côte
collaboration,droits,vélo
collectivités en santé,forces armées,climatique
étudiants,équilibre,résilience
civile,infrastructure,cop23
locale,coûts-avantages,hydrogenics
minorité,matériaux,woodland
population,gouvernance,biofuels
égalité entre les sexes,revenu,hi-velocity systems
race,agriculture,one planet summit
groupe ethnique,bénéfice,oneplanet summit
résilience,pauvreté,cleantech global
justice,chômage,réutilisables
discrimination,prospérer,parc
interdisciplinaire,terres de la couronne,eau
intégrée,rentables,énergie éolienne
droits de la personne,produits du bois,solaire
droits humains,entrepreneuriat,garde côtière
engagement,entrepreneurs,station de recherche
autochtones,employabilité,pêches et océans
multiculturalisme,chambre de commerce,or
multiculturelle,tourisme,tarification du carbone
multiculturel,fefec,crédits de carbone compensatoires
métis,technologie,carbone compensatoires
inuit,produits,bioénergie
premières nations,libre-echange,biocarburants
bibliothèque et archives,commercialisation,fédération canadienne de la faune
cyclisme,commerce,forestière
compostage,marché,forêt
compost,couts,forestier
alimentaire,couts additionnels,méthane
pauvreté,débouches,neutre en carbone
prospér,export,climat
nutritif,exports,émissions de carbone
vivre en santé,exporter,fefec
jeunes,développement,renouvelable
employabilité,rendement,érosion
découvrir,canadaenchine,développement durable
santé,emplois,développement soutenable
en santé,financement,captage du carbone
historique,bâtiment,écologique
avenir,,pollution
manger local,,hydrocarbures
aliments locaux,,énergies fossiles
alimentslocaux,,écosystème
alimentation,,émissions
jardin,,espèce en péril
jardinage,,terres
jardins,,plantes
sécurité alimentaire,,arbres
eau potable,,arbre
responsabilité,,géothermiques
dépenses des ménages,,déboisement
ménages,,l’élévation du niveau de la mer
santé environnementale urbaine,,inondation
santé urbaine,,côtier
espérance ,,flore
provinciales,,faune
fédéral,,marine
vote,,oléoducs
nord,,pollueur-payeur
étudiant,,l’accord de paris
,,vert
,,polluants
,,matériaux réutilisables
,,atténuation
,,propre
,,sommet one planet
,,milieux humides
,,pratiques forestières
,,substances nocives
,,qualité de l'air
,,taxe sur le carbone
,,consommation résidentielle d’eau
,,espèces
,,contaminés
,,contamination
,,biomasse
,,fleuve
,,rivière
,,lacs
,,océan
,,mer
,,gazoducs
,,biogaz
,,ressources naturelles
,,pétrole
,,pétrole brut
,,mines
,,espèces sauvages
,,nature
