,owner,created_at,id,post_id,text_cleaned,hashtags,urls
0,"{""username"":""environnementcan"",""profile_pic_url"":""https://instagram.fyvr3-1.fna.fbcdn.net/t51.2885-19/s150x150/25016584_1248753311891192_7797948622686912512_n.jpg"",""id"":""3913646610""}",1476795585,1.78645E+16,2016-10-18_05-58-54,√©tro √®re √ât√© √©eDeLaPersonne,"['#FraserValley', '#Conservation', '#BirdNerd', '#Oiseaux', '#JeudiR', '#RetourEnArri', '#', '#Faune', '#Flore', '#Journ', '#SansFiltre', '#TBT']",[]
1,"{""username"":""environnementcan"",""profile_pic_url"":""https://instagram.fyvr3-1.fna.fbcdn.net/t51.2885-19/s150x150/25016584_1248753311891192_7797948622686912512_n.jpg"",""id"":""3913646610""}",1476878933,1.78434E+16,2016-10-19_05-07-33,√©t√©o √©t√©o √©t√©orologie √©t√©o √©t√©o √¥ti√®reCanadienne √©t√©o ,"['#M', '#StationM', '#WeatherNerd', '#Vancouver', '#M', '#PhotosM', '#InstaM', '#GardeC', '#MercrediM', '#NoFilter', '#SansFiltre']",[]
2,"{""username"":""environnementcan"",""profile_pic_url"":""https://instagram.fyvr3-1.fna.fbcdn.net/t51.2885-19/s150x150/25016584_1248753311891192_7797948622686912512_n.jpg"",""id"":""3913646610""}",1476976886,1.78533E+16,2016-10-20_07-19-42,,"['#Oiseaux', '#Mer', '#Ocean', '#Conservation', '#InstaBirds', '#Puffin', '#Puffins', '#Macareux', '#Atlantique', '#Maritimes', '#PhotoOfTheDay']",[]
3,"{""username"":""environnementcan"",""profile_pic_url"":""https://instagram.fyvr3-1.fna.fbcdn.net/t51.2885-19/s150x150/25016584_1248753311891192_7797948622686912512_n.jpg"",""id"":""3913646610""}",1477063659,1.78435E+16,2016-10-21_08-26-00,,"['#Conservation', '#Grasslands', '#BC', '#BeautifulBC', '#ExploreBC', '#Kamloops', '#Nature', '#Ornithologie', '#Explorer', '#Vendredi', '#MiniVan', '#Aventures', '#NoFilter']",[]
4,"{""username"":""environnementcan"",""profile_pic_url"":""https://instagram.fyvr3-1.fna.fbcdn.net/t51.2885-19/s150x150/25016584_1248753311891192_7797948622686912512_n.jpg"",""id"":""3913646610""}",1477318073,1.78645E+16,2016-10-24_07-07-04,,"['#MondaysGotMeLike', '#MondayGotMeLike', '#MondayMotivation', '#MondayFeeling', '#IsItFridayYet', '#Owl', '#Owls', '#InstaOwls', '#InstaBirds', '#OwlsOfInstagram', '#PhotoOfTheDay', '#Reconyx', '#Wildlife']",[]
5,"{""username"":""environnementcan"",""profile_pic_url"":""https://instagram.fyvr3-1.fna.fbcdn.net/t51.2885-19/s150x150/25016584_1248753311891192_7797948622686912512_n.jpg"",""id"":""3913646610""}",1477318056,1.78646E+16,2016-10-24_07-07-04,,"['#Hibou', '#Hiboux', '#Oiseaux', '#Faune', '#Lundi', '#LundiMatin', '#Reconyx', '#Canada']",[]
6,"{""username"":""travelstylenews"",""profile_pic_url"":""https://instagram.fyvr3-1.fna.fbcdn.net/t51.2885-19/s150x150/18382651_1376516069095659_3288503141099634688_n.jpg"",""id"":""3838814206""}",1477452127,1.78436E+16,2016-10-25_08-02-00,Great,[],[]
7,"{""username"":""environnementcan"",""profile_pic_url"":""https://instagram.fyvr3-1.fna.fbcdn.net/t51.2885-19/s150x150/25016584_1248753311891192_7797948622686912512_n.jpg"",""id"":""3913646610""}",1477407760,1.78557E+16,2016-10-25_08-02-00,√¢ce√ÄElle √©tro √©tro √âgalit√© √©minisme,"['#Gr', '#Oiseaux', '#Faune', '#Biologistes', '#MoisDeLaFemme', '#R', '#TBT', '#MardiR', '#Femmes', '#', '#F', '#Arctique', '#GirlPower', '#BirdYear', '#NoFilter']",[]
8,"{""username"":""thegreatjoceline"",""profile_pic_url"":""https://instagram.fyvr3-1.fna.fbcdn.net/t51.2885-19/s150x150/14134621_1589686114668080_820281783_a.jpg"",""id"":""3684009738""}",1477514772,1.7865E+16,2016-10-26_07-29-26,Instructifs!,[],[]
9,"{""username"":""environnementcan"",""profile_pic_url"":""https://instagram.fyvr3-1.fna.fbcdn.net/t51.2885-19/s150x150/25016584_1248753311891192_7797948622686912512_n.jpg"",""id"":""3913646610""}",1477492248,1.7864E+16,2016-10-26_07-29-26,,"['#MercrediFaune', '#Faune', '#Nature', '#ExploreBC', '#BC', '#Canada', '#Oiseaux', '#Ornithologie', '#FraserRiver', '#Heron', '#Aventures', '#Biologie']",[]
10,"{""username"":""environnementcan"",""profile_pic_url"":""https://instagram.fyvr3-1.fna.fbcdn.net/t51.2885-19/s150x150/25016584_1248753311891192_7797948622686912512_n.jpg"",""id"":""3913646610""}",1477579975,1.78544E+16,2016-10-27_07-52-28,√©tro √©t√©o,"['#JeudiR', '#M', '#Hiver', '#Neige', '#PhotoDuJour', '#Sansfiltre', '#NoFilter', '#ExploreBC', '#BC', '#Vancouver', '#Whistler']",[]
11,"{""username"":""environnementcan"",""profile_pic_url"":""https://instagram.fyvr3-1.fna.fbcdn.net/t51.2885-19/s150x150/25016584_1248753311891192_7797948622686912512_n.jpg"",""id"":""3913646610""}",1477666598,1.78643E+16,2016-10-28_07-56-15,√©licopt√®re √©an,"['#Phare', '#Vancouver', '#ExploreBC', '#H', '#OuestCanadien', '#Pacifique', '#Oc', '#PhotoDuJour']",[]
12,"{""username"":""environnementcan"",""profile_pic_url"":""https://instagram.fyvr3-1.fna.fbcdn.net/t51.2885-19/s150x150/25016584_1248753311891192_7797948622686912512_n.jpg"",""id"":""3913646610""}",1477921765,1.78567E+16,2016-10-31_06-48-21,,"['#Halloween', '#Hibou', '#Hiboux', '#Oiseau', '#Oiseaux', '#Reconyx', '#Faune', '#Canada', '#CanEnvironnement', '#Enviroween']",[]
13,"{""username"":""environnementcan"",""profile_pic_url"":""https://instagram.fyvr3-1.fna.fbcdn.net/t51.2885-19/s150x150/25016584_1248753311891192_7797948622686912512_n.jpg"",""id"":""3913646610""}",1478018824,1.78538E+16,2016-11-01_09-46-19,,"['#Biologie', '#Migration', '#Science', '#Faune', '#Oiseaux', '#Oiseau', '#NouveauBrunswick', '#NB', '#Atlantique', '#BirdNerds', '#EnvironnementCan']",[]
14,"{""username"":""environnementcan"",""profile_pic_url"":""https://instagram.fyvr3-1.fna.fbcdn.net/t51.2885-19/s150x150/25016584_1248753311891192_7797948622686912512_n.jpg"",""id"":""3913646610""}",1478096284,1.78545E+16,2016-11-02_07-17-06,√©g√©e √¥ture,"['#MilieuHumide', '#MilieuxHumides', '#TerreHumide', '#TerresHumides', '#CanEnvironment', '#AireProt', '#Alberta', '#Cl', '#Faune', '#Biologistes']",[]
15,"{""username"":""environnementcan"",""profile_pic_url"":""https://instagram.fyvr3-1.fna.fbcdn.net/t51.2885-19/s150x150/25016584_1248753311891192_7797948622686912512_n.jpg"",""id"":""3913646610""}",1478189063,1.78439E+16,2016-11-03_09-03-36,,"['#EauDouce', '#Science', '#Scientifiques', '#Insectes', '#NouvelleEcosse', '#Automne', '#EnvironnementCan']",[]
16,"{""username"":""environnementcan"",""profile_pic_url"":""https://instagram.fyvr3-1.fna.fbcdn.net/t51.2885-19/s150x150/25016584_1248753311891192_7797948622686912512_n.jpg"",""id"":""3913646610""}",1478263704,1.7844E+16,2016-11-04_05-47-44,,"['#HamOnt', '#Eau', '#GrandsLacs', '#Ontario', '#RandleReef', '#Poisson', '#Tourisme', '#Vendredi', '#Ontario']",[]
17,"{""username"":""environnementcan"",""profile_pic_url"":""https://instagram.fyvr3-1.fna.fbcdn.net/t51.2885-19/s150x150/25016584_1248753311891192_7797948622686912512_n.jpg"",""id"":""3913646610""}",1478533387,1.78658E+16,2016-11-07_07-42-47,,"['#Caribou', '#Toundra', '#Ontario', '#Faune', '#AnimauxSauvages', '#Animaux', '#Photo', '#EnvironnementCan', '#Lundi']",[]
18,"{""username"":""environnementcan"",""profile_pic_url"":""https://instagram.fyvr3-1.fna.fbcdn.net/t51.2885-19/s150x150/25016584_1248753311891192_7797948622686912512_n.jpg"",""id"":""3913646610""}",1478618186,1.78652E+16,2016-11-08_07-15-49,√©tro √©g√©e √©serveFaunique,"['#Feux', '#Feu', '#Pompiers', '#Prairies', '#Faune', '#Saskatchewan', '#Biologistes', '#MardiR', '#AireProt', '#R']",[]
19,"{""username"":""environnementcan"",""profile_pic_url"":""https://instagram.fyvr3-1.fna.fbcdn.net/t51.2885-19/s150x150/25016584_1248753311891192_7797948622686912512_n.jpg"",""id"":""3913646610""}",1478799360,1.78648E+16,2016-11-10_09-34-27,√©eDeLaScience,"['#Journ', '#Science', '#Scientifique', '#Eau', '#EauDouce', '#EauPropre', '#Bateau', '#Laboratoire', '#EnvironnementCan', '#GrandsLacs']",[]
20,"{""username"":""thekjglobe"",""profile_pic_url"":""https://instagram.fyvr3-1.fna.fbcdn.net/t51.2885-19/11271050_1565083593756634_129365333_a.jpg"",""id"":""11257375""}",1479578397,1.78445E+16,2016-11-10_11-06-40,I'm traveling the world!! Witch country do you suggest me going to?!! Looking forward!!,[],[]
21,"{""username"":""environnementcan"",""profile_pic_url"":""https://instagram.fyvr3-1.fna.fbcdn.net/t51.2885-19/s150x150/25016584_1248753311891192_7797948622686912512_n.jpg"",""id"":""3913646610""}",1479582210,1.78445E+16,2016-11-19_11-03-05,,"['#ActionClimatJeunesse', '#ActionClimat', '#ActionClimatCAN', '#ActionPourLeClimat', '#SolutionClimat', '#Canada', '#JeunesCan', '#JeunesCanadiens', '#EnvironnementCAN']",[]
22,"{""username"":""environnementcan"",""profile_pic_url"":""https://instagram.fyvr3-1.fna.fbcdn.net/t51.2885-19/s150x150/25016584_1248753311891192_7797948622686912512_n.jpg"",""id"":""3913646610""}",1479762352,1.78665E+16,2016-11-21_13-03-43,,"['#ChangementClimatique', '#Jeunes', '#Jeunesse', '#ActionClimat', '#Climat', '#Environnement', '#Canada', '#JeunesCanadiens']",[]
23,"{""username"":""summerbelliveau"",""profile_pic_url"":""https://instagram.fyvr3-1.fna.fbcdn.net/t51.2885-19/s150x150/26152093_543101172717738_4020178170324975616_n.jpg"",""id"":""857715574""}",1479916218,1.78558E+16,2016-11-23_07-40-27,What makes Canada so special according to pollution why does our country make such a big impact on the other countries?,[],[]
24,"{""username"":""thegreatjoceline"",""profile_pic_url"":""https://instagram.fyvr3-1.fna.fbcdn.net/t51.2885-19/s150x150/14134621_1589686114668080_820281783_a.jpg"",""id"":""3684009738""}",1480737609,1.7845E+16,2016-11-30_06-26-45,Cutr,[],[]
25,"{""username"":""environnementcan"",""profile_pic_url"":""https://instagram.fyvr3-1.fna.fbcdn.net/t51.2885-19/s150x150/25016584_1248753311891192_7797948622686912512_n.jpg"",""id"":""3913646610""}",1480516035,1.78671E+16,2016-11-30_06-26-45,,"['#Mercredi', '#Hibou', '#Hiboux', '#Oiseaux', '#Oiseau', '#Faune', '#Ornithologie']",[]
26,"{""username"":""myrvezy"",""profile_pic_url"":""https://instagram.fyvr3-1.fna.fbcdn.net/t51.2885-19/s150x150/13744275_1744066059212634_320013516_a.jpg"",""id"":""3483840575""}",1480718108,1.7845E+16,2016-12-02_08-26-00,This is awesome,[],[]
27,"{""username"":""environnementcan"",""profile_pic_url"":""https://instagram.fyvr3-1.fna.fbcdn.net/t51.2885-19/s150x150/25016584_1248753311891192_7797948622686912512_n.jpg"",""id"":""3913646610""}",1480696073,1.78563E+16,2016-12-02_08-26-00,,"['#ScienceArctique', '#EnvironnementCan', '#EnvironnementCanada', '#Toundra', '#Arctique', '#Science', '#Biologie', '#Faune']",[]
28,"{""username"":""environnementcan"",""profile_pic_url"":""https://instagram.fyvr3-1.fna.fbcdn.net/t51.2885-19/s150x150/25016584_1248753311891192_7797948622686912512_n.jpg"",""id"":""3913646610""}",1480976443,1.78666E+16,2016-12-05_14-19-17,√©anPacifique,"['#Cop13', '#EnvironnementCan', '#EnvironnementCanada', '#Oc', '#OiseauxMarins', '#Ornithologie', '#Canada150']",[]
29,"{""username"":""ihabmokayed"",""profile_pic_url"":""https://instagram.fyvr3-1.fna.fbcdn.net/t51.2885-19/s150x150/26181279_174151140007048_6370159604956921856_n.jpg"",""id"":""293328761""}",1481905339,1.7857E+16,2016-12-15_09-42-20,"ah thank you, why not follow both, depuis je parle les deux langues!",[],[]
30,"{""username"":""environnementcan"",""profile_pic_url"":""https://instagram.fyvr3-1.fna.fbcdn.net/t51.2885-19/s150x150/25016584_1248753311891192_7797948622686912512_n.jpg"",""id"":""3913646610""}",1481905011,1.78688E+16,2016-12-15_09-42-20,yes it is! FYI if you prefer you can follow our English account,[],[]
31,"{""username"":""ihabmokayed"",""profile_pic_url"":""https://instagram.fyvr3-1.fna.fbcdn.net/t51.2885-19/s150x150/26181279_174151140007048_6370159604956921856_n.jpg"",""id"":""293328761""}",1481833315,1.78723E+16,2016-12-15_09-42-20,That's quite cool!,[],[]
32,"{""username"":""arcticrangeadvt"",""profile_pic_url"":""https://instagram.fyvr3-1.fna.fbcdn.net/t51.2885-19/s150x150/11850420_141054042908966_1422400190_a.jpg"",""id"":""2203840401""}",1482675352,1.78592E+16,2016-12-22_07-24-10,Wow! We like this pic!!,[],[]
33,"{""username"":""scienceborealis"",""profile_pic_url"":""https://instagram.fyvr3-1.fna.fbcdn.net/t51.2885-19/14449287_314447988931019_8130849381726289920_a.jpg"",""id"":""4007154200""}",1483042573,1.78462E+16,2016-12-29_05-44-19,Posting some great photos of your northern research.,[],[]
34,"{""username"":""fvennessacecce"",""profile_pic_url"":""https://instagram.fyvr3-1.fna.fbcdn.net/t51.2885-19/s150x150/20902565_1915169038734867_682059609971621888_a.jpg"",""id"":""1556658735""}",1483716073,1.78689E+16,2017-01-06_06-48-35,Bien h√¢te de le voir revenir,[],[]
35,"{""username"":""environnementcan"",""profile_pic_url"":""https://instagram.fyvr3-1.fna.fbcdn.net/t51.2885-19/s150x150/25016584_1248753311891192_7797948622686912512_n.jpg"",""id"":""3913646610""}",1483714208,1.78484E+16,2017-01-06_06-48-35,,"['#EnvironnementCan', '#EnvironnementCanada']",[]
36,"{""username"":""environnementcan"",""profile_pic_url"":""https://instagram.fyvr3-1.fna.fbcdn.net/t51.2885-19/s150x150/25016584_1248753311891192_7797948622686912512_n.jpg"",""id"":""3913646610""}",1484320616,1.7847E+16,2017-01-12_12-28-09,beaucoup de chemin en effet!!,[],[]
37,"{""username"":""thegreatjoceline"",""profile_pic_url"":""https://instagram.fyvr3-1.fna.fbcdn.net/t51.2885-19/s150x150/14134621_1589686114668080_820281783_a.jpg"",""id"":""3684009738""}",1484270165,1.78692E+16,2017-01-12_12-28-09,On en a fait du chemin?,[],[]
38,"{""username"":""dannyslapbass"",""profile_pic_url"":""https://instagram.fyvr3-1.fna.fbcdn.net/t51.2885-19/s150x150/19051051_460898334262363_7030596292271144960_a.jpg"",""id"":""1788974774""}",1484755482,1.78472E+16,2017-01-18_06-46-45,bien sur!!,[],[]
39,"{""username"":""environnementcan"",""profile_pic_url"":""https://instagram.fyvr3-1.fna.fbcdn.net/t51.2885-19/s150x150/25016584_1248753311891192_7797948622686912512_n.jpg"",""id"":""3913646610""}",1484754531,1.78614E+16,2017-01-18_06-46-45,Il est tellement mignon,[],[]
40,"{""username"":""dannyslapbass"",""profile_pic_url"":""https://instagram.fyvr3-1.fna.fbcdn.net/t51.2885-19/s150x150/19051051_460898334262363_7030596292271144960_a.jpg"",""id"":""1788974774""}",1484752375,1.78577E+16,2017-01-18_06-46-45,Nice!!!,[],[]
41,"{""username"":""jericka88"",""profile_pic_url"":""https://instagram.fyvr3-1.fna.fbcdn.net/t51.2885-19/s150x150/26222394_2072301653006353_4941605056551059456_n.jpg"",""id"":""32927813""}",1485484023,1.78478E+16,2017-01-26_10-32-16,Wow! Quelle magnifique et √©trange esp√®ce.,[],[]
42,"{""username"":""dannyslapbass"",""profile_pic_url"":""https://instagram.fyvr3-1.fna.fbcdn.net/t51.2885-19/s150x150/19051051_460898334262363_7030596292271144960_a.jpg"",""id"":""1788974774""}",1485802396,1.78507E+16,2017-01-30_08-01-35,,[],[]
43,"{""username"":""lysianecf"",""profile_pic_url"":""https://instagram.fyvr3-1.fna.fbcdn.net/t51.2885-19/s150x150/14701060_548137552050987_6368943454902288384_a.jpg"",""id"":""1396603340""}",1486822431,1.78719E+16,2017-02-11_05-20-35,,[],[]
44,"{""username"":""darthbulshiter"",""profile_pic_url"":""https://instagram.fyvr3-1.fna.fbcdn.net/t51.2885-19/s150x150/20065512_468453020196230_3066610991555936256_a.jpg"",""id"":""375123003""}",1487459733,1.78495E+16,2017-02-17_07-57-53,,[],[]
45,"{""username"":""environnementcan"",""profile_pic_url"":""https://instagram.fyvr3-1.fna.fbcdn.net/t51.2885-19/s150x150/25016584_1248753311891192_7797948622686912512_n.jpg"",""id"":""3913646610""}",1487801759,1.78731E+16,2017-02-20_07-04-12,La Colombie-Britannique prot√®ge % de ses terres!,[],[]
46,"{""username"":""yeg_blog"",""profile_pic_url"":""https://instagram.fyvr3-1.fna.fbcdn.net/t51.2885-19/s150x150/21984625_1583211938384486_3389032485659607040_n.jpg"",""id"":""3128282779""}",1487611050,1.78737E+16,2017-02-20_07-04-12,,[],[]
47,"{""username"":""jehanne1412"",""profile_pic_url"":""https://instagram.fyvr3-1.fna.fbcdn.net/t51.2885-19/11311511_1405953476088274_1202061123_a.jpg"",""id"":""438491508""}",1509209366,1.78801E+16,2017-02-21_06-30-04,"Magnifique Oui le tintamarre ce sont des bruits, souvent accompagn√© d'agitation comme dans une f√™te foraine, un bal, des enfants qui jouent ...",[],[]
48,"{""username"":""sunny.zhai"",""profile_pic_url"":""https://instagram.fyvr3-1.fna.fbcdn.net/t51.2885-19/s150x150/22638789_295382287643841_7987765423888138240_n.jpg"",""id"":""3310076966""}",1488080089,1.78624E+16,2017-02-21_09-46-34,Aww nice,[],[]
49,"{""username"":""sherrylavgine1997"",""profile_pic_url"":""https://instagram.fyvr3-1.fna.fbcdn.net/t51.2885-19/s150x150/13385651_1027990353937141_1287862251_a.jpg"",""id"":""1129099641""}",1487703919,1.7867E+16,2017-02-21_09-46-34,Super nice,[],[]
50,"{""username"":""clodie26"",""profile_pic_url"":""https://instagram.fyvr3-1.fna.fbcdn.net/t51.2885-19/s150x150/23164175_1541297632625324_4640385745813504000_n.jpg"",""id"":""17586324""}",1488293464,1.78511E+16,2017-02-28_06-26-11,one day..,[],[]
51,"{""username"":""proulxkath"",""profile_pic_url"":""https://instagram.fyvr3-1.fna.fbcdn.net/t51.2885-19/s150x150/21480381_1948321642051301_6645164509788897280_a.jpg"",""id"":""292123065""}",1488293292,1.78506E+16,2017-02-28_06-26-11,,[],[]
52,"{""username"":""thegreatjoceline"",""profile_pic_url"":""https://instagram.fyvr3-1.fna.fbcdn.net/t51.2885-19/s150x150/14134621_1589686114668080_820281783_a.jpg"",""id"":""3684009738""}",1489750604,1.78619E+16,2017-03-13_08-47-21,Magnifique,['#environnementcanada'],[]
53,"{""username"":""teamvane"",""profile_pic_url"":""https://instagram.fyvr3-1.fna.fbcdn.net/t51.2885-19/s150x150/26158459_2016385815243098_4452752046424064000_n.jpg"",""id"":""3138992113""}",1493069557,1.78784E+16,2017-04-12_13-41-01,,[],[]
54,"{""username"":""carobf15"",""profile_pic_url"":""https://instagram.fyvr3-1.fna.fbcdn.net/t51.2885-19/s150x150/19985087_153541468540042_6158758458494550016_a.jpg"",""id"":""455344015""}",1492044568,1.78559E+16,2017-04-12_13-41-01,Hubert,[],[]
55,"{""username"":""valquirit_"",""profile_pic_url"":""https://instagram.fyvr3-1.fna.fbcdn.net/t51.2885-19/s150x150/26071433_165800677482499_563742082829647872_n.jpg"",""id"":""28590017""}",1492035712,1.78643E+16,2017-04-12_13-41-01,Loona!!!,[],[]
56,"{""username"":""environnementcan"",""profile_pic_url"":""https://instagram.fyvr3-1.fna.fbcdn.net/t51.2885-19/s150x150/25016584_1248753311891192_7797948622686912512_n.jpg"",""id"":""3913646610""}",1492029826,1.78769E+16,2017-04-12_13-41-01,.canada .polaire,[],[]
57,"{""username"":""environnementcan"",""profile_pic_url"":""https://instagram.fyvr3-1.fna.fbcdn.net/t51.2885-19/s150x150/25016584_1248753311891192_7797948622686912512_n.jpg"",""id"":""3913646610""}",1492528487,1.78538E+16,2017-04-13_09-38-52,merci! On est tr√®s fiers d'eux!,[],[]
58,"{""username"":""jpcoho"",""profile_pic_url"":""https://instagram.fyvr3-1.fna.fbcdn.net/t51.2885-19/s150x150/12912754_976486379100667_307663178_a.jpg"",""id"":""2029664407""}",1492139740,1.78828E+16,2017-04-13_09-38-52,Awesome stuff!! Fantastique votre travail,[],[]
59,"{""username"":""environnementcan"",""profile_pic_url"":""https://instagram.fyvr3-1.fna.fbcdn.net/t51.2885-19/s150x150/25016584_1248753311891192_7797948622686912512_n.jpg"",""id"":""3913646610""}",1492101718,1.78655E+16,2017-04-13_09-38-52,,"['#EnvironnementCanada', '#ScienceArctique', '#Scientifiques', '#Glace', '#GlacedeMer', '#Arctique', '#TravailDeTerrain', '#Nunavut']",[]
60,"{""username"":""environnementcan"",""profile_pic_url"":""https://instagram.fyvr3-1.fna.fbcdn.net/t51.2885-19/s150x150/25016584_1248753311891192_7797948622686912512_n.jpg"",""id"":""3913646610""}",1493398309,1.78559E+16,2017-04-26_13-15-46,laisse-nous demander √† nos eerts s'il y a une de nos pages web √† laquelle on peut te r√©f√©rer (un rapport ou autre) on te revient rapidement!,[],[]
61,"{""username"":""onetreejill"",""profile_pic_url"":""https://instagram.fyvr3-1.fna.fbcdn.net/t51.2885-19/s150x150/21689502_1721917461445939_3340338581704015872_n.jpg"",""id"":""2353648790""}",1493264085,1.78846E+16,2017-04-26_13-15-46,,['#FORPHOQUESSAKE'],[]
62,"{""username"":""onetreejill"",""profile_pic_url"":""https://instagram.fyvr3-1.fna.fbcdn.net/t51.2885-19/s150x150/21689502_1721917461445939_3340338581704015872_n.jpg"",""id"":""2353648790""}",1493264081,1.78796E+16,2017-04-26_13-15-46,"Si vous avez un coeur, vous √©pargneriez les phoques, mais ce n'est pas mon affaire ü§∑",[],[]
63,"{""username"":""julianmoratomarin"",""profile_pic_url"":""https://instagram.fyvr3-1.fna.fbcdn.net/t51.2885-19/s150x150/17493932_208827186269836_758088755973193728_a.jpg"",""id"":""3256077527""}",1493252586,1.78554E+16,2017-04-26_13-15-46,"Bonjour g√©nial quel belle e√©rience. Cela sera ""chouette""de savoir la suite. Des observations et l'impact du r√©chauffement climatique dans cet secteur.",[],[]
64,"{""username"":""lamaisonprivee"",""profile_pic_url"":""https://instagram.fyvr3-1.fna.fbcdn.net/t51.2885-19/s150x150/16465293_267357130365609_4320736554315153408_a.jpg"",""id"":""825433215""}",1493825454,1.78579E+16,2017-04-28_10-25-57,nice,[],[]
65,"{""username"":""onetreejill"",""profile_pic_url"":""https://instagram.fyvr3-1.fna.fbcdn.net/t51.2885-19/s150x150/21689502_1721917461445939_3340338581704015872_n.jpg"",""id"":""2353648790""}",1493426579,1.78796E+16,2017-04-28_10-25-57,,['#FORPHOQUESSAKE'],[]
66,"{""username"":""environnementcan"",""profile_pic_url"":""https://instagram.fyvr3-1.fna.fbcdn.net/t51.2885-19/s150x150/25016584_1248753311891192_7797948622686912512_n.jpg"",""id"":""3913646610""}",1495736897,1.78571E+16,2017-05-15_08-44-16,oh que oui!,[],[]
67,"{""username"":""deuxevades"",""profile_pic_url"":""https://instagram.fyvr3-1.fna.fbcdn.net/t51.2885-19/s150x150/20905175_155481628363098_5172971590417121280_a.jpg"",""id"":""4240552929""}",1495511872,1.78566E+16,2017-05-15_08-44-16,Un super mus√©e!,[],[]
68,"{""username"":""lovecanada0999"",""profile_pic_url"":""https://instagram.fyvr3-1.fna.fbcdn.net/t51.2885-19/s150x150/17932476_1804093519918183_4783257768490434560_n.jpg"",""id"":""4162484060""}",1496431130,1.78828E+16,2017-05-31_13-26-12,Like it!,[],[]
69,"{""username"":""environnementcan"",""profile_pic_url"":""https://instagram.fyvr3-1.fna.fbcdn.net/t51.2885-19/s150x150/25016584_1248753311891192_7797948622686912512_n.jpg"",""id"":""3913646610""}",1498596666,1.78741E+16,2017-06-22_08-05-11,Hello you can follow our English account for EN updates,[],[]
70,"{""username"":""eduardodomngo"",""profile_pic_url"":""https://instagram.fyvr3-1.fna.fbcdn.net/t51.2885-19/s150x150/19050210_1097645040336358_4756126520211144704_a.jpg"",""id"":""5580357196""}",1498328755,1.78785E+16,2017-06-22_08-05-11,I'm looking forward to hear for more good news from ECCC.,[],[]
71,"{""username"":""eduardodomngo"",""profile_pic_url"":""https://instagram.fyvr3-1.fna.fbcdn.net/t51.2885-19/s150x150/19050210_1097645040336358_4756126520211144704_a.jpg"",""id"":""5580357196""}",1498328581,1.7863E+16,2017-06-22_08-05-11,Good Day!! I like to know more about the achievements of ECCC.Could you please put an option to translate it on English language.Kind regards and God Bless!!,[],[]
72,"{""username"":""divestravels"",""profile_pic_url"":""https://instagram.fyvr3-1.fna.fbcdn.net/t51.2885-19/s150x150/25022681_942341975928347_1296881824751943680_n.jpg"",""id"":""246243251""}",1499479823,1.78756E+16,2017-06-29_10-02-26,Like it!,[],[]
73,"{""username"":""jelleu"",""profile_pic_url"":""https://instagram.fyvr3-1.fna.fbcdn.net/t51.2885-19/s150x150/14135097_681016765400060_826889632_a.jpg"",""id"":""13605726""}",1500409895,1.78776E+16,2017-07-18_13-30-12,"Great picture! Good job, LIKE! Have you seen my insect picture from today?",[],[]
74,"{""username"":""industriediscount"",""profile_pic_url"":""https://instagram.fyvr3-1.fna.fbcdn.net/t51.2885-19/s150x150/23279876_156297778308882_4727621118620336128_n.jpg"",""id"":""426258257""}",1505269643,1.78851E+16,2017-09-11_11-18-37,ECCC classe,[],[]
75,"{""username"":""aaronrphotography"",""profile_pic_url"":""https://instagram.fyvr3-1.fna.fbcdn.net/t51.2885-19/s150x150/13636119_297879243894402_842509726_a.jpg"",""id"":""3032374484""}",1507428165,1.79026E+16,2017-09-19_13-29-02,keep it up! !!,[],[]
76,"{""username"":""easterncities"",""profile_pic_url"":""https://instagram.fyvr3-1.fna.fbcdn.net/t51.2885-19/s150x150/25013387_2287900527921379_5110734722569338880_n.jpg"",""id"":""8519101""}",1513198641,1.78957E+16,2017-12-13_12-22-25,,"['#sundog', '#fauxsoleil']",[]
77,"{""username"":""xplainable"",""profile_pic_url"":""https://instagram.fyvr3-1.fna.fbcdn.net/t51.2885-19/s150x150/21911022_1954240818184478_8652217802544906240_n.jpg"",""id"":""6098255952""}",1513336414,1.7913E+16,2017-12-14_11-04-58,cool page!,[],[]
78,"{""username"":""xplainable"",""profile_pic_url"":""https://instagram.fyvr3-1.fna.fbcdn.net/t51.2885-19/s150x150/21911022_1954240818184478_8652217802544906240_n.jpg"",""id"":""6098255952""}",1513307667,1.79002E+16,2017-12-14_11-04-58,I like what I see!,[],[]
79,"{""username"":""_tranquilo_tranquilo_"",""profile_pic_url"":""https://instagram.fyvr3-1.fna.fbcdn.net/t51.2885-19/s150x150/21980789_1201783186589931_8412765614787002368_n.jpg"",""id"":""4260731255""}",1514039000,1.79152E+16,2017-12-22_07-12-45,Hola J‚Äôaime bien ta page,[],[]
80,"{""username"":""xplainable"",""profile_pic_url"":""https://instagram.fyvr3-1.fna.fbcdn.net/t51.2885-19/s150x150/21911022_1954240818184478_8652217802544906240_n.jpg"",""id"":""6098255952""}",1514626666,1.78428E+16,2017-12-29_07-32-01,love it !,[],[]
81,"{""username"":""thewildfolks"",""profile_pic_url"":""https://instagram.fyvr3-1.fna.fbcdn.net/t51.2885-19/s150x150/16907059_1217165085046789_8463737062590251008_a.jpg"",""id"":""4689724407""}",1516205590,1.78929E+16,2018-01-16_13-03-20,Italian lifestyle brand with a mission: save Wildlife and Marine life,[],[]
82,"{""username"":""teri_11_11"",""profile_pic_url"":""https://instagram.fyvr3-1.fna.fbcdn.net/t51.2885-19/s150x150/18160304_215754122244815_2039886178840215552_a.jpg"",""id"":""5053876959""}",1516155861,1.79208E+16,2018-01-16_13-03-20,Ô∏è,[],[]
